{\rtf1\ansi\ansicpg1252\cocoartf2709
\cocoatextscaling0\cocoaplatform0{\fonttbl\f0\fswiss\fcharset0 Helvetica;}
{\colortbl;\red255\green255\blue255;}
{\*\expandedcolortbl;;}
\margl1440\margr1440\vieww11520\viewh8400\viewkind0
\pard\tx720\tx1440\tx2160\tx2880\tx3600\tx4320\tx5040\tx5760\tx6480\tx7200\tx7920\tx8640\pardirnatural\partightenfactor0

\f0\fs24 \cf0 \{\
  "all_vehicles": [\
    \{\
      "id": "c3e5ceef-7e44-449b-9940-b286061471fb",\
      "make": "Porsche",\
      "name": "718 Cayman S",\
      "mileage": 12749.4,\
      "durability": 80.4,\
      "image": "https://files.porsche.com/filestore/image/multimedia/none/982-718-c7s-modelimage-sideshot/model/af021b27-d5ba-11ec-80ef-005056bbdc38/porsche-model.png",\
      "paint_color": "Red",\
      "interior_color": "Tan",\
      "is_convertible": false,\
      "transmission_type": "Automatic",\
      "has_tints": false\
    \},\
    \{\
      "id": "4fe2cfab-4971-440a-92ff-b7a805948469",\
      "make": "Harley Davidson",\
      "name": "Fat Boy 114",\
      "mileage": 4201.9,\
      "durability": 91.824,\
      "image": "https://d2bywgumb0o70j.cloudfront.net/2019/08/22/8bab32b0f1cb60d4ef3cc774d2950c94_2893ad6589f19e20.jpg",\
      "paint_color": "Black",\
      "seat_color": "Black",\
      "handlebar_color": "Red",\
      "num_seats": 2\
    \},\
    \{\
      "id": "e1d8b950-6b15-4d49-a076-9a32fd2845cd",\
      "make": "Porsche",\
      "name": "911 Carrera S",\
      "mileage": 8900.8,\
      "durability": 85.2,\
      "image": "https://files.porsche.com/filestore/image/multimedia/none/992-911-c7s-modelimage-sideshot/model/c936fa10-d5ba-11ec-80ef-005056bbdc38/porsche-model.png",\
      "paint_color": "Silver",\
      "interior_color": "Black",\
      "is_convertible": true,\
      "transmission_type": "Automatic",\
      "has_tints": true\
    \},\
    \{\
      "id": "61330f05-7844-4a2c-9c2e-37a5d24449b6",\
      "make": "Harley Davidson",\
      "name": "Iron 883",\
      "mileage": 3100.5,\
      "durability": 88.672,\
      "image": "https://d2bywgumb0o70j.cloudfront.net/2019/08/22/8bab32b0f1cb60d4ef3cc774d2950c94_2893ad6589f19e20.jpg",\
      "paint_color": "Blue",\
      "seat_color": "Brown",\
      "handlebar_color": "Black",\
      "num_seats": 1\
    \},\
    \{\
      "id": "964a56b7-18b3-42c0-96a8-1ff1db7b7e4c",\
      "make": "Porsche",\
      "name": "Panamera Turbo",\
      "mileage": 6200.3,\
      "durability": 88.7,\
      "image": "https://files.porsche.com/filestore/image/multimedia/none/971-panamera-modelimage-sideshot/model/e67e0e70-d5ba-11ec-80ef-005056bbdc38/porsche-model.png",\
      "paint_color": "White",\
      "interior_color": "Black",\
      "is_convertible": false,\
      "transmission_type": "Automatic",\
      "has_tints": true\
    \},\
    \{\
      "id": "f38a8c76-23f2-4d5d-9d82-dfb6b1e142ef",\
      "make": "Harley Davidson",\
      "name": "Street Glide Special",\
      "mileage": 5500.2,\
      "durability": 92.135,\
      "image": "https://d2bywgumb0o70j.cloudfront.net/2019/08/22/8bab32b0f1cb60d4ef3cc774d2950c94_2893ad6589f19e20.jpg",\
      "paint_color": "Orange",\
      "seat_color": "Black",\
      "handlebar_color": "Chrome",\
      "num_seats": 2\
    \},\
    \{\
      "id": "0d92a6c1-73d8-4ce5-8e61-68939a0a55cb",\
      "make": "Porsche",\
      "name": "Macan GTS",\
      "mileage": 9800.6,\
      "durability": 82.1,\
      "image": "https://files.porsche.com/filestore/image/multimedia/none/95b-macan-gts-modelimage-sideshot/model/9d9128b0-d5ba-11ec-80ef-005056bbdc38/porsche-model.png",\
      "paint_color": "Black",\
      "interior_color": "Red",\
      "is_convertible": false,\
      "transmission_type": "Automatic",\
      "has_tints": false\
    \},\
    \{\
      "id": "b2a2cc49-1aa0-44b4-a8d5-71fe6b3a3c34",\
      "make": "Harley Davidson",\
      "name": "Road King Special",\
      "mileage": 3800.8,\
      "durability": 89.72,\
      "image": "https://d2bywgumb0o70j.cloudfront.net/2019/08/22/8bab32b0f1cb60d4ef3cc774d2950c94_2893ad6589f19e20.jpg",\
      "paint_color": "Green",\
      "seat_color": "Brown",\
      "handlebar_color": "Black",\
      "num_seats": 2\
    \}\
  ]\
\}\
}